name,address,lat,lon,rating,ratings_count,reviews_count,description,rubrics,schedule,category
"Tau-Asu, база отдыха","улица Кунаева, 1/1",43.281105,77.178103,4.8,1714,508,,"Конные клубы, Аренда беседок, Базы отдыха, Тюбинговые трассы, Бассейны, Тимбилдинг","{'Fri': {'working_hours': [{'from': '10:00', 'to': '22:00'}]}, 'Mon': {'working_hours': [{'from': '10:00', 'to': '22:00'}]}, 'Sat': {'working_hours': [{'from': '10:00', 'to': '22:00'}]}, 'Sun': {'working_hours': [{'from': '10:00', 'to': '22:00'}]}, 'Thu': {'working_hours': [{'from': '10:00', 'to': '22:00'}]}, 'Tue': {'working_hours': [{'from': '10:00', 'to': '22:00'}]}, 'Wed': {'working_hours': [{'from': '10:00', 'to': '22:00'}]}}",глэмпинг
"Balyqty Bulaq, база отдыха","Мустафы Шокая улица, 345",43.247665,77.016693,4.2,1539,471,,Базы отдыха,"{'Fri': {'working_hours': [{'from': '10:00', 'to': '21:00'}]}, 'Mon': {'working_hours': [{'from': '10:00', 'to': '21:00'}]}, 'Sat': {'working_hours': [{'from': '10:00', 'to': '21:00'}]}, 'Sun': {'working_hours': [{'from': '10:00', 'to': '21:00'}]}, 'Thu': {'working_hours': [{'from': '10:00', 'to': '21:00'}]}, 'Tue': {'working_hours': [{'from': '10:00', 'to': '21:00'}]}, 'Wed': {'working_hours': [{'from': '10:00', 'to': '21:00'}]}}",глэмпинг
"Первомайские пруды, парк активного отдыха","микрорайон Первомайские пруды, 11Б",43.395189,76.909694,4.2,1769,755,,"Базы отдыха, Аквапарки, Аренда беседок, Бани и сауны","{'Fri': {'working_hours': [{'from': '10:00', 'to': '22:00'}]}, 'Mon': {'working_hours': [{'from': '10:00', 'to': '22:00'}]}, 'Sat': {'working_hours': [{'from': '10:00', 'to': '22:00'}]}, 'Sun': {'working_hours': [{'from': '10:00', 'to': '22:00'}]}, 'Thu': {'working_hours': [{'from': '10:00', 'to': '22:00'}]}, 'Tue': {'working_hours': [{'from': '10:00', 'to': '22:00'}]}, 'Wed': {'working_hours': [{'from': '10:00', 'to': '22:00'}]}}",глэмпинг
"Apple Resort, комплекс","ПК Горный Гигант территория, 2920а",43.232951,77.013515,4.7,789,637,,"Банкетные залы, Конференц-залы, Базы отдыха","{'Fri': {'working_hours': [{'from': '00:00', 'to': '24:00'}]}, 'Mon': {'working_hours': [{'from': '00:00', 'to': '24:00'}]}, 'Sat': {'working_hours': [{'from': '00:00', 'to': '24:00'}]}, 'Sun': {'working_hours': [{'from': '00:00', 'to': '24:00'}]}, 'Thu': {'working_hours': [{'from': '00:00', 'to': '24:00'}]}, 'Tue': {'working_hours': [{'from': '00:00', 'to': '24:00'}]}, 'Wed': {'working_hours': [{'from': '00:00', 'to': '24:00'}]}, 'is_24x7': True}",глэмпинг
"Фазенда 999, база отдыха","8-я линия, 1",43.517781,77.099806,4.8,755,372,,"Базы отдыха, Рыболовные центры, Аренда беседок, Рыбные хозяйства","{'Fri': {'working_hours': [{'from': '09:00', 'to': '22:00'}]}, 'Mon': {'working_hours': [{'from': '09:00', 'to': '22:00'}]}, 'Sat': {'working_hours': [{'from': '09:00', 'to': '22:00'}]}, 'Sun': {'working_hours': [{'from': '09:00', 'to': '22:00'}]}, 'Thu': {'working_hours': [{'from': '09:00', 'to': '22:00'}]}, 'Tue': {'working_hours': [{'from': '09:00', 'to': '22:00'}]}, 'Wed': {'working_hours': [{'from': '09:00', 'to': '22:00'}]}}",глэмпинг
"Пик Талгар, эко-деревня","Звёздная улица, 34г",43.319691,77.279535,5,50,28,,"Базы отдыха, Бани и сауны","{'Fri': {'working_hours': [{'from': '00:00', 'to': '24:00'}]}, 'Mon': {'working_hours': [{'from': '00:00', 'to': '24:00'}]}, 'Sat': {'working_hours': [{'from': '00:00', 'to': '24:00'}]}, 'Sun': {'working_hours': [{'from': '00:00', 'to': '24:00'}]}, 'Thu': {'working_hours': [{'from': '00:00', 'to': '24:00'}]}, 'Tue': {'working_hours': [{'from': '00:00', 'to': '24:00'}]}, 'Wed': {'working_hours': [{'from': '00:00', 'to': '24:00'}]}, 'is_24x7': True}",глэмпинг
"Umbra village, база отдыха","СО Сады Алатау, 30",43.280564,77.26989,4.9,173,61,,Базы отдыха,"{'Fri': {'working_hours': [{'from': '08:00', 'to': '21:00'}]}, 'Mon': {'working_hours': [{'from': '08:00', 'to': '21:00'}]}, 'Sat': {'working_hours': [{'from': '08:00', 'to': '21:00'}]}, 'Sun': {'working_hours': [{'from': '08:00', 'to': '21:00'}]}, 'Thu': {'working_hours': [{'from': '08:00', 'to': '21:00'}]}, 'Tue': {'working_hours': [{'from': '08:00', 'to': '21:00'}]}, 'Wed': {'working_hours': [{'from': '08:00', 'to': '21:00'}]}}",глэмпинг
"Гора Глэмпинг, база отдыха","улица Набережная, 1/1",43.224653,77.10607,4.9,541,391,,"Кемпинги, Бани и сауны, Аренда беседок, Базы отдыха","{'Fri': {'working_hours': [{'from': '09:00', 'to': '21:00'}]}, 'Mon': {'working_hours': [{'from': '09:00', 'to': '21:00'}]}, 'Sat': {'working_hours': [{'from': '09:00', 'to': '21:00'}]}, 'Sun': {'working_hours': [{'from': '09:00', 'to': '21:00'}]}, 'Thu': {'working_hours': [{'from': '09:00', 'to': '21:00'}]}, 'Tue': {'working_hours': [{'from': '09:00', 'to': '21:00'}]}, 'Wed': {'working_hours': [{'from': '09:00', 'to': '21:00'}]}}",глэмпинг
"BeFine, семейный горный курорт","улица Набережная, 1105",43.217971,77.104217,4.9,608,396,,"Базы отдыха, Аренда беседок, Конференц-залы","{'Fri': {'working_hours': [{'from': '00:00', 'to': '24:00'}]}, 'Mon': {'working_hours': [{'from': '00:00', 'to': '24:00'}]}, 'Sat': {'working_hours': [{'from': '00:00', 'to': '24:00'}]}, 'Sun': {'working_hours': [{'from': '00:00', 'to': '24:00'}]}, 'Thu': {'working_hours': [{'from': '00:00', 'to': '24:00'}]}, 'Tue': {'working_hours': [{'from': '00:00', 'to': '24:00'}]}, 'Wed': {'working_hours': [{'from': '00:00', 'to': '24:00'}]}, 'is_24x7': True}",глэмпинг
"Большая медведица, база отдыха","улица Момышулы, 1354",43.282316,77.176125,4.7,302,114,,Базы отдыха,"{'Fri': {'working_hours': [{'from': '00:00', 'to': '24:00'}]}, 'Mon': {'working_hours': [{'from': '00:00', 'to': '24:00'}]}, 'Sat': {'working_hours': [{'from': '00:00', 'to': '24:00'}]}, 'Sun': {'working_hours': [{'from': '00:00', 'to': '24:00'}]}, 'Thu': {'working_hours': [{'from': '00:00', 'to': '24:00'}]}, 'Tue': {'working_hours': [{'from': '00:00', 'to': '24:00'}]}, 'Wed': {'working_hours': [{'from': '00:00', 'to': '24:00'}]}, 'is_24x7': True}",глэмпинг
Eco-hotel AQBULAQ,"129-1 учетный квартал, 3920",43.292777,77.367779,4.5,334,155,,"Базы отдыха, Бани и сауны, Бассейны, Спортивный прокат, Банкетные залы","{'Fri': {'working_hours': [{'from': '00:00', 'to': '24:00'}]}, 'Mon': {'working_hours': [{'from': '00:00', 'to': '24:00'}]}, 'Sat': {'working_hours': [{'from': '00:00', 'to': '24:00'}]}, 'Sun': {'working_hours': [{'from': '00:00', 'to': '24:00'}]}, 'Thu': {'working_hours': [{'from': '00:00', 'to': '24:00'}]}, 'Tue': {'working_hours': [{'from': '00:00', 'to': '24:00'}]}, 'Wed': {'working_hours': [{'from': '00:00', 'to': '24:00'}]}, 'is_24x7': True}",глэмпинг
Panorama Almaty,"СТ Коктобе территория, 159",43.224104,76.976155,4.8,400,242,,"Базы отдыха, Аренда шатров и конструкций, Аренда беседок, Аренда концертных площадок","{'Fri': {'working_hours': [{'from': '00:00', 'to': '24:00'}]}, 'Mon': {'working_hours': [{'from': '00:00', 'to': '24:00'}]}, 'Sat': {'working_hours': [{'from': '00:00', 'to': '24:00'}]}, 'Sun': {'working_hours': [{'from': '00:00', 'to': '24:00'}]}, 'Thu': {'working_hours': [{'from': '00:00', 'to': '24:00'}]}, 'Tue': {'working_hours': [{'from': '00:00', 'to': '24:00'}]}, 'Wed': {'working_hours': [{'from': '00:00', 'to': '24:00'}]}, 'is_24x7': True}",глэмпинг
"Shymbulak Medeu Camp, семейный горный глэмпинг","Керей-Жанибек хандар улица, 558/1а",43.162683,77.049277,4.8,91,24,,Базы отдыха,"{'Fri': {'working_hours': [{'from': '00:00', 'to': '24:00'}]}, 'Mon': {'working_hours': [{'from': '00:00', 'to': '24:00'}]}, 'Sat': {'working_hours': [{'from': '00:00', 'to': '24:00'}]}, 'Sun': {'working_hours': [{'from': '00:00', 'to': '24:00'}]}, 'Thu': {'working_hours': [{'from': '00:00', 'to': '24:00'}]}, 'Tue': {'working_hours': [{'from': '00:00', 'to': '24:00'}]}, 'Wed': {'working_hours': [{'from': '00:00', 'to': '24:00'}]}, 'is_24x7': True}",глэмпинг
"Kabirkhan Village Resort, база отдыха","улица Жамбыла, 122а",43.173763,76.223271,4.6,135,82,,"Базы отдыха, Конные клубы","{'Fri': {'working_hours': [{'from': '09:00', 'to': '23:00'}]}, 'Mon': {'working_hours': [{'from': '09:00', 'to': '23:00'}]}, 'Sat': {'working_hours': [{'from': '09:00', 'to': '23:00'}]}, 'Sun': {'working_hours': [{'from': '09:00', 'to': '23:00'}]}, 'Thu': {'working_hours': [{'from': '09:00', 'to': '23:00'}]}, 'Tue': {'working_hours': [{'from': '09:00', 'to': '23:00'}]}, 'Wed': {'working_hours': [{'from': '09:00', 'to': '23:00'}]}, 'comment': 'по предварительной записи'}",глэмпинг
"Almaty Hills Glamping, гостевой дом","Галамат микрорайон, 1288/5",43.14465,76.885123,4.7,55,35,,Базы отдыха,"{'Fri': {'working_hours': [{'from': '00:00', 'to': '24:00'}]}, 'Mon': {'working_hours': [{'from': '00:00', 'to': '24:00'}]}, 'Sat': {'working_hours': [{'from': '00:00', 'to': '24:00'}]}, 'Sun': {'working_hours': [{'from': '00:00', 'to': '24:00'}]}, 'Thu': {'working_hours': [{'from': '00:00', 'to': '24:00'}]}, 'Tue': {'working_hours': [{'from': '00:00', 'to': '24:00'}]}, 'Wed': {'working_hours': [{'from': '00:00', 'to': '24:00'}]}, 'is_24x7': True}",глэмпинг
"Kok-Tobe Hilltop, база отдыха","СТ Коктобе территория, 16",43.22279,76.980112,5,89,48,,"Базы отдыха, Бани и сауны","{'Fri': {'working_hours': [{'from': '00:00', 'to': '24:00'}]}, 'Mon': {'working_hours': [{'from': '00:00', 'to': '24:00'}]}, 'Sat': {'working_hours': [{'from': '00:00', 'to': '24:00'}]}, 'Sun': {'working_hours': [{'from': '00:00', 'to': '24:00'}]}, 'Thu': {'working_hours': [{'from': '00:00', 'to': '24:00'}]}, 'Tue': {'working_hours': [{'from': '00:00', 'to': '24:00'}]}, 'Wed': {'working_hours': [{'from': '00:00', 'to': '24:00'}]}, 'is_24x7': True}",глэмпинг
Aglamp.kz,"улица Мичурина, 1152",43.221058,77.090409,4.9,250,177,,Базы отдыха,"{'Fri': {'working_hours': [{'from': '10:00', 'to': '22:00'}]}, 'Mon': {'working_hours': [{'from': '10:00', 'to': '22:00'}]}, 'Sat': {'working_hours': [{'from': '10:00', 'to': '22:00'}]}, 'Sun': {'working_hours': [{'from': '10:00', 'to': '22:00'}]}, 'Thu': {'working_hours': [{'from': '10:00', 'to': '22:00'}]}, 'Tue': {'working_hours': [{'from': '10:00', 'to': '22:00'}]}, 'Wed': {'working_hours': [{'from': '10:00', 'to': '22:00'}]}}",глэмпинг
"tau-tas, база отдыха","Тургеньское ущелье, 15",43.274434,77.711105,4.3,26,11,,Базы отдыха,"{'Fri': {'working_hours': [{'from': '00:00', 'to': '24:00'}]}, 'Mon': {'working_hours': [{'from': '00:00', 'to': '24:00'}]}, 'Sat': {'working_hours': [{'from': '00:00', 'to': '24:00'}]}, 'Sun': {'working_hours': [{'from': '00:00', 'to': '24:00'}]}, 'Thu': {'working_hours': [{'from': '00:00', 'to': '24:00'}]}, 'Tue': {'working_hours': [{'from': '00:00', 'to': '24:00'}]}, 'Wed': {'working_hours': [{'from': '00:00', 'to': '24:00'}]}, 'is_24x7': True}",глэмпинг
"Yellowstone farm, база отдыха","Обувщик улица, 111Б",43.168706,76.808973,4.8,136,64,,"Базы отдыха, Бани и сауны, Конные клубы, Аренда беседок","{'Fri': {'working_hours': [{'from': '10:00', 'to': '18:00'}]}, 'Sat': {'working_hours': [{'from': '10:00', 'to': '18:00'}]}, 'Sun': {'working_hours': [{'from': '10:00', 'to': '18:00'}]}, 'Thu': {'working_hours': [{'from': '10:00', 'to': '18:00'}]}, 'Tue': {'working_hours': [{'from': '10:00', 'to': '18:00'}]}, 'Wed': {'working_hours': [{'from': '10:00', 'to': '18:00'}]}}",глэмпинг
"Чарын, визит-центр","Палуана улица, 1а/1",43.356623,79.054989,4.4,126,55,,"Организация активных туров, Кемпинги, Базы отдыха","{'Fri': {'working_hours': [{'from': '08:00', 'to': '19:00'}]}, 'Mon': {'working_hours': [{'from': '08:00', 'to': '19:00'}]}, 'Sat': {'working_hours': [{'from': '08:00', 'to': '20:00'}]}, 'Sun': {'working_hours': [{'from': '08:00', 'to': '20:00'}]}, 'Thu': {'working_hours': [{'from': '08:00', 'to': '19:00'}]}, 'Tue': {'working_hours': [{'from': '08:00', 'to': '19:00'}]}, 'Wed': {'working_hours': [{'from': '08:00', 'to': '19:00'}]}}",глэмпинг
"Glamping 61, база отдыха","Дошкольник улица, 61",43.256618,76.989286,4.8,59,31,,Базы отдыха,"{'Fri': {'working_hours': [{'from': '00:00', 'to': '24:00'}]}, 'Mon': {'working_hours': [{'from': '00:00', 'to': '24:00'}]}, 'Sat': {'working_hours': [{'from': '00:00', 'to': '24:00'}]}, 'Sun': {'working_hours': [{'from': '00:00', 'to': '24:00'}]}, 'Thu': {'working_hours': [{'from': '00:00', 'to': '24:00'}]}, 'Tue': {'working_hours': [{'from': '00:00', 'to': '24:00'}]}, 'Wed': {'working_hours': [{'from': '00:00', 'to': '24:00'}]}, 'comment': 'по предварительной записи', 'is_24x7': True}",глэмпинг
"Heaven Glamping Almaty, база отдыха","СТ Айнабулак территория, 3/5",43.161487,76.961169,4.9,184,93,,Базы отдыха,"{'Fri': {'working_hours': [{'from': '09:30', 'to': '21:30'}]}, 'Mon': {'working_hours': [{'from': '09:30', 'to': '21:30'}]}, 'Sat': {'working_hours': [{'from': '09:30', 'to': '21:30'}]}, 'Sun': {'working_hours': [{'from': '09:30', 'to': '21:30'}]}, 'Thu': {'working_hours': [{'from': '09:30', 'to': '21:30'}]}, 'Tue': {'working_hours': [{'from': '09:30', 'to': '21:30'}]}, 'Wed': {'working_hours': [{'from': '09:30', 'to': '21:30'}]}}",глэмпинг
"Menin house, база отдыха","улица Сагадат Нурмагамбетов, 352а",43.246026,76.980795,4.8,31,22,,Базы отдыха,"{'Fri': {'working_hours': [{'from': '10:00', 'to': '21:00'}]}, 'Mon': {'working_hours': [{'from': '10:00', 'to': '21:00'}]}, 'Sat': {'working_hours': [{'from': '10:00', 'to': '21:00'}]}, 'Sun': {'working_hours': [{'from': '10:00', 'to': '21:00'}]}, 'Thu': {'working_hours': [{'from': '10:00', 'to': '21:00'}]}, 'Tue': {'working_hours': [{'from': '10:00', 'to': '21:00'}]}, 'Wed': {'working_hours': [{'from': '10:00', 'to': '21:00'}]}}",глэмпинг
"Marmani Lake, база отдыха","Алматы-Бишкек трасса, 27/4",43.229125,76.652009,4.7,59,26,,"Базы отдыха, Бани и сауны","{'Fri': {'working_hours': [{'from': '00:00', 'to': '24:00'}]}, 'Mon': {'working_hours': [{'from': '00:00', 'to': '24:00'}]}, 'Sat': {'working_hours': [{'from': '00:00', 'to': '24:00'}]}, 'Sun': {'working_hours': [{'from': '00:00', 'to': '24:00'}]}, 'Thu': {'working_hours': [{'from': '00:00', 'to': '24:00'}]}, 'Tue': {'working_hours': [{'from': '00:00', 'to': '24:00'}]}, 'Wed': {'working_hours': [{'from': '00:00', 'to': '24:00'}]}, 'is_24x7': True}",глэмпинг
"Almaty Rancho, база отдыха","улица Бишкекская, 91",43.219744,77.005335,4.8,41,21,,Базы отдыха,"{'Fri': {'working_hours': [{'from': '09:00', 'to': '24:00'}]}, 'Mon': {'working_hours': [{'from': '09:00', 'to': '24:00'}]}, 'Sat': {'working_hours': [{'from': '09:00', 'to': '24:00'}]}, 'Sun': {'working_hours': [{'from': '09:00', 'to': '24:00'}]}, 'Thu': {'working_hours': [{'from': '09:00', 'to': '24:00'}]}, 'Tue': {'working_hours': [{'from': '09:00', 'to': '24:00'}]}, 'Wed': {'working_hours': [{'from': '09:00', 'to': '24:00'}]}}",глэмпинг
"Ямайка, база отдыха","улица Ботагоз, 28",43.87019,77.086609,4.4,774,424,,"Базы отдыха, Бани и сауны, Пляжи","{'Fri': {'working_hours': [{'from': '09:00', 'to': '02:00'}]}, 'Mon': {'working_hours': [{'from': '09:00', 'to': '02:00'}]}, 'Sat': {'working_hours': [{'from': '09:00', 'to': '02:00'}]}, 'Sun': {'working_hours': [{'from': '09:00', 'to': '02:00'}]}, 'Thu': {'working_hours': [{'from': '09:00', 'to': '02:00'}]}, 'Tue': {'working_hours': [{'from': '09:00', 'to': '02:00'}]}, 'Wed': {'working_hours': [{'from': '09:00', 'to': '02:00'}]}}",глэмпинг
"Пик Талгар, эко-деревня","Ершова улица, 22а",43.317982,77.282207,4.8,256,134,,"Базы отдыха, Бани и сауны","{'Fri': {'working_hours': [{'from': '00:00', 'to': '24:00'}]}, 'Mon': {'working_hours': [{'from': '00:00', 'to': '24:00'}]}, 'Sat': {'working_hours': [{'from': '00:00', 'to': '24:00'}]}, 'Sun': {'working_hours': [{'from': '00:00', 'to': '24:00'}]}, 'Thu': {'working_hours': [{'from': '00:00', 'to': '24:00'}]}, 'Tue': {'working_hours': [{'from': '00:00', 'to': '24:00'}]}, 'Wed': {'working_hours': [{'from': '00:00', 'to': '24:00'}]}, 'is_24x7': True}",глэмпинг
"Glamping_Keremet, база отдыха","улица Жанакурлыс, 71/1",43.201067,76.339563,4.9,161,70,,Базы отдыха,"{'Fri': {'working_hours': [{'from': '00:00', 'to': '24:00'}]}, 'Mon': {'working_hours': [{'from': '00:00', 'to': '24:00'}]}, 'Sat': {'working_hours': [{'from': '00:00', 'to': '24:00'}]}, 'Sun': {'working_hours': [{'from': '00:00', 'to': '24:00'}]}, 'Thu': {'working_hours': [{'from': '00:00', 'to': '24:00'}]}, 'Tue': {'working_hours': [{'from': '00:00', 'to': '24:00'}]}, 'Wed': {'working_hours': [{'from': '00:00', 'to': '24:00'}]}, 'is_24x7': True}",глэмпинг
Top Hill Resort,"улица Толе би, 47",43.213901,77.103803,4.8,61,22,,"Базы отдыха, Бани и сауны","{'Fri': {'working_hours': [{'from': '11:00', 'to': '21:00'}]}, 'Mon': {'working_hours': [{'from': '11:00', 'to': '21:00'}]}, 'Sat': {'working_hours': [{'from': '11:00', 'to': '21:00'}]}, 'Sun': {'working_hours': [{'from': '11:00', 'to': '21:00'}]}, 'Thu': {'working_hours': [{'from': '11:00', 'to': '21:00'}]}, 'Tue': {'working_hours': [{'from': '11:00', 'to': '21:00'}]}, 'Wed': {'working_hours': [{'from': '11:00', 'to': '21:00'}]}}",глэмпинг
"Bai Tau Glamping, база отдыха","улица Акбокен, 501/2",43.136154,76.862719,4.7,108,50,,Базы отдыха,"{'Fri': {'working_hours': [{'from': '10:00', 'to': '23:00'}]}, 'Mon': {'working_hours': [{'from': '10:00', 'to': '23:00'}]}, 'Sat': {'working_hours': [{'from': '10:00', 'to': '23:00'}]}, 'Sun': {'working_hours': [{'from': '10:00', 'to': '23:00'}]}, 'Thu': {'working_hours': [{'from': '10:00', 'to': '23:00'}]}, 'Tue': {'working_hours': [{'from': '10:00', 'to': '23:00'}]}, 'Wed': {'working_hours': [{'from': '10:00', 'to': '23:00'}]}}",глэмпинг
"Boho36, гостевой дом","улица Бекзада, 36",43.154041,76.906879,4.7,91,59,,Базы отдыха,"{'Fri': {'working_hours': [{'from': '10:00', 'to': '18:00'}]}, 'Mon': {'working_hours': [{'from': '10:00', 'to': '18:00'}]}, 'Sat': {'working_hours': [{'from': '10:00', 'to': '18:00'}]}, 'Sun': {'working_hours': [{'from': '10:00', 'to': '18:00'}]}, 'Thu': {'working_hours': [{'from': '10:00', 'to': '18:00'}]}, 'Tue': {'working_hours': [{'from': '10:00', 'to': '18:00'}]}, 'Wed': {'working_hours': [{'from': '10:00', 'to': '18:00'}]}}",глэмпинг
"Green Hill Glamping, база отдыха","СТ Сталь, 25",43.246779,77.023337,4.6,56,26,,Базы отдыха,"{'Fri': {'working_hours': [{'from': '08:00', 'to': '20:00'}]}, 'Mon': {'working_hours': [{'from': '08:00', 'to': '20:00'}]}, 'Sat': {'working_hours': [{'from': '08:00', 'to': '20:00'}]}, 'Sun': {'working_hours': [{'from': '08:00', 'to': '20:00'}]}, 'Thu': {'working_hours': [{'from': '08:00', 'to': '20:00'}]}, 'Tue': {'working_hours': [{'from': '08:00', 'to': '20:00'}]}, 'Wed': {'working_hours': [{'from': '08:00', 'to': '20:00'}]}}",глэмпинг
"Muztay Camp, зона отдыха","улица Бейсеуова, 529",43.181228,77.094645,4.9,185,72,,"Базы отдыха, Кемпинги","{'Fri': {'working_hours': [{'from': '10:00', 'to': '20:00'}]}, 'Sat': {'working_hours': [{'from': '09:00', 'to': '21:00'}]}, 'Sun': {'working_hours': [{'from': '09:00', 'to': '21:00'}]}, 'Thu': {'working_hours': [{'from': '10:00', 'to': '20:00'}]}, 'Tue': {'working_hours': [{'from': '10:00', 'to': '20:00'}]}, 'Wed': {'working_hours': [{'from': '10:00', 'to': '20:00'}]}}",глэмпинг
"Tauda, база отдыха","СТ Домостроитель территория, 55",43.1677,76.969718,4.9,61,31,,Базы отдыха,"{'Fri': {'working_hours': [{'from': '00:00', 'to': '24:00'}]}, 'Mon': {'working_hours': [{'from': '00:00', 'to': '24:00'}]}, 'Sat': {'working_hours': [{'from': '00:00', 'to': '24:00'}]}, 'Sun': {'working_hours': [{'from': '00:00', 'to': '24:00'}]}, 'Thu': {'working_hours': [{'from': '00:00', 'to': '24:00'}]}, 'Tue': {'working_hours': [{'from': '00:00', 'to': '24:00'}]}, 'Wed': {'working_hours': [{'from': '00:00', 'to': '24:00'}]}, 'is_24x7': True}",глэмпинг
"Nomad Camp, база отдыха","Центральная улица, 76/1",43.169488,76.922412,4.6,139,56,,Базы отдыха,"{'Fri': {'working_hours': [{'from': '00:00', 'to': '24:00'}]}, 'Mon': {'working_hours': [{'from': '00:00', 'to': '24:00'}]}, 'Sat': {'working_hours': [{'from': '00:00', 'to': '24:00'}]}, 'Sun': {'working_hours': [{'from': '00:00', 'to': '24:00'}]}, 'Thu': {'working_hours': [{'from': '00:00', 'to': '24:00'}]}, 'Tue': {'working_hours': [{'from': '00:00', 'to': '24:00'}]}, 'Wed': {'working_hours': [{'from': '00:00', 'to': '24:00'}]}, 'is_24x7': True}",глэмпинг
"tau-tas, база отдыха","Кокшокы улица, 1в/1",43.102021,76.943183,4.6,248,107,,Базы отдыха,"{'Fri': {'working_hours': [{'from': '00:00', 'to': '24:00'}]}, 'Mon': {'working_hours': [{'from': '00:00', 'to': '24:00'}]}, 'Sat': {'working_hours': [{'from': '00:00', 'to': '24:00'}]}, 'Sun': {'working_hours': [{'from': '00:00', 'to': '24:00'}]}, 'Thu': {'working_hours': [{'from': '00:00', 'to': '24:00'}]}, 'Tue': {'working_hours': [{'from': '00:00', 'to': '24:00'}]}, 'Wed': {'working_hours': [{'from': '00:00', 'to': '24:00'}]}, 'is_24x7': True}",глэмпинг
"Dobri Dom, гостевой дом","улица Тажиева, 646Б",43.134787,76.866828,4.9,90,63,,Базы отдыха,"{'Fri': {'working_hours': [{'from': '08:00', 'to': '22:00'}]}, 'Mon': {'working_hours': [{'from': '08:00', 'to': '22:00'}]}, 'Sat': {'working_hours': [{'from': '08:00', 'to': '22:00'}]}, 'Sun': {'working_hours': [{'from': '08:00', 'to': '22:00'}]}, 'Thu': {'working_hours': [{'from': '08:00', 'to': '22:00'}]}, 'Tue': {'working_hours': [{'from': '08:00', 'to': '22:00'}]}, 'Wed': {'working_hours': [{'from': '08:00', 'to': '22:00'}]}}",глэмпинг
"Boho 160, гостевой дом","СТ Горный садовод территория, 160",43.1889,76.954935,4.9,46,15,,Базы отдыха,"{'Fri': {'working_hours': [{'from': '10:00', 'to': '18:00'}]}, 'Mon': {'working_hours': [{'from': '10:00', 'to': '18:00'}]}, 'Sat': {'working_hours': [{'from': '10:00', 'to': '18:00'}]}, 'Sun': {'working_hours': [{'from': '10:00', 'to': '18:00'}]}, 'Thu': {'working_hours': [{'from': '10:00', 'to': '18:00'}]}, 'Tue': {'working_hours': [{'from': '10:00', 'to': '18:00'}]}, 'Wed': {'working_hours': [{'from': '10:00', 'to': '18:00'}]}}",глэмпинг
"Kolsay Lakes, база отдыха","улица Ниязбекова, 6",43.066605,78.405583,4.3,36,20,,Базы отдыха,"{'Fri': {'working_hours': [{'from': '00:00', 'to': '24:00'}]}, 'Mon': {'working_hours': [{'from': '00:00', 'to': '24:00'}]}, 'Sat': {'working_hours': [{'from': '00:00', 'to': '24:00'}]}, 'Sun': {'working_hours': [{'from': '00:00', 'to': '24:00'}]}, 'Thu': {'working_hours': [{'from': '00:00', 'to': '24:00'}]}, 'Tue': {'working_hours': [{'from': '00:00', 'to': '24:00'}]}, 'Wed': {'working_hours': [{'from': '00:00', 'to': '24:00'}]}, 'is_24x7': True}",глэмпинг
"Kolsay Eco House, база отдыха","Шамбылулы улица, 45",43.071007,78.399289,5,89,62,,Базы отдыха,"{'Fri': {'working_hours': [{'from': '00:00', 'to': '24:00'}]}, 'Mon': {'working_hours': [{'from': '00:00', 'to': '24:00'}]}, 'Sat': {'working_hours': [{'from': '00:00', 'to': '24:00'}]}, 'Sun': {'working_hours': [{'from': '00:00', 'to': '24:00'}]}, 'Thu': {'working_hours': [{'from': '00:00', 'to': '24:00'}]}, 'Tue': {'working_hours': [{'from': '00:00', 'to': '24:00'}]}, 'Wed': {'working_hours': [{'from': '00:00', 'to': '24:00'}]}, 'is_24x7': True}",глэмпинг
"Talgar glamping, база отдыха","улица Алматы, 24",43.291172,77.311171,4.5,118,43,,Базы отдыха,"{'Fri': {'working_hours': [{'from': '08:00', 'to': '22:00'}]}, 'Mon': {'working_hours': [{'from': '08:00', 'to': '22:00'}]}, 'Sat': {'working_hours': [{'from': '08:00', 'to': '22:00'}]}, 'Sun': {'working_hours': [{'from': '08:00', 'to': '22:00'}]}, 'Thu': {'working_hours': [{'from': '08:00', 'to': '22:00'}]}, 'Tue': {'working_hours': [{'from': '08:00', 'to': '22:00'}]}, 'Wed': {'working_hours': [{'from': '08:00', 'to': '22:00'}]}}",глэмпинг
"Taipa Tam, база отдыха","129-1 учетный квартал, 2729",43.309736,77.291106,5,42,25,,"Базы отдыха, Бани и сауны, Кемпинги, Аренда беседок","{'Fri': {'working_hours': [{'from': '00:00', 'to': '24:00'}]}, 'Mon': {'working_hours': [{'from': '00:00', 'to': '24:00'}]}, 'Sat': {'working_hours': [{'from': '00:00', 'to': '24:00'}]}, 'Sun': {'working_hours': [{'from': '00:00', 'to': '24:00'}]}, 'Thu': {'working_hours': [{'from': '00:00', 'to': '24:00'}]}, 'Tue': {'working_hours': [{'from': '00:00', 'to': '24:00'}]}, 'Wed': {'working_hours': [{'from': '00:00', 'to': '24:00'}]}, 'is_24x7': True}",глэмпинг
"Этно-ауыл Алатау, зона отдыха","Момышулы улица, 10г",43.250812,77.073874,5,38,24,,Базы отдыха,"{'Fri': {'working_hours': [{'from': '09:00', 'to': '21:00'}]}, 'Mon': {'working_hours': [{'from': '09:00', 'to': '21:00'}]}, 'Sat': {'working_hours': [{'from': '09:00', 'to': '21:00'}]}, 'Sun': {'working_hours': [{'from': '09:00', 'to': '21:00'}]}, 'Thu': {'working_hours': [{'from': '09:00', 'to': '21:00'}]}, 'Tue': {'working_hours': [{'from': '09:00', 'to': '21:00'}]}, 'Wed': {'working_hours': [{'from': '09:00', 'to': '21:00'}]}}",глэмпинг
"Дархан Тау, зона отдыха","СТ Медик территория, 37а",43.185192,76.954994,5,56,45,,Базы отдыха,"{'Fri': {'working_hours': [{'from': '08:00', 'to': '23:00'}]}, 'Mon': {'working_hours': [{'from': '08:00', 'to': '23:00'}]}, 'Sat': {'working_hours': [{'from': '08:00', 'to': '23:00'}]}, 'Sun': {'working_hours': [{'from': '08:00', 'to': '23:00'}]}, 'Thu': {'working_hours': [{'from': '08:00', 'to': '23:00'}]}, 'Tue': {'working_hours': [{'from': '08:00', 'to': '23:00'}]}, 'Wed': {'working_hours': [{'from': '08:00', 'to': '23:00'}]}}",глэмпинг
"Kok Tobe Village, гостевой дом","СТ Вентиляционник территория, 124",43.219195,76.980434,5,182,119,,Базы отдыха,"{'Fri': {'working_hours': [{'from': '00:00', 'to': '24:00'}]}, 'Mon': {'working_hours': [{'from': '00:00', 'to': '24:00'}]}, 'Sat': {'working_hours': [{'from': '00:00', 'to': '24:00'}]}, 'Sun': {'working_hours': [{'from': '00:00', 'to': '24:00'}]}, 'Thu': {'working_hours': [{'from': '00:00', 'to': '24:00'}]}, 'Tue': {'working_hours': [{'from': '00:00', 'to': '24:00'}]}, 'Wed': {'working_hours': [{'from': '00:00', 'to': '24:00'}]}, 'is_24x7': True}",глэмпинг
"Bv.House, компания по аренде барнхаусов","улица Бейсекбаева, 1065а",43.233617,77.099504,4.8,51,23,,"Базы отдыха, Конные клубы","{'Fri': {'working_hours': [{'from': '00:00', 'to': '24:00'}]}, 'Mon': {'working_hours': [{'from': '00:00', 'to': '24:00'}]}, 'Sat': {'working_hours': [{'from': '00:00', 'to': '24:00'}]}, 'Sun': {'working_hours': [{'from': '00:00', 'to': '24:00'}]}, 'Thu': {'working_hours': [{'from': '00:00', 'to': '24:00'}]}, 'Tue': {'working_hours': [{'from': '00:00', 'to': '24:00'}]}, 'Wed': {'working_hours': [{'from': '00:00', 'to': '24:00'}]}, 'is_24x7': True}",глэмпинг
"Викинг, база отдыха","улица Коринская, 1а/1",44.931825,78.884661,4.8,25,6,,Базы отдыха,"{'Fri': {'working_hours': [{'from': '00:00', 'to': '24:00'}]}, 'Mon': {'working_hours': [{'from': '00:00', 'to': '24:00'}]}, 'Sat': {'working_hours': [{'from': '00:00', 'to': '24:00'}]}, 'Sun': {'working_hours': [{'from': '00:00', 'to': '24:00'}]}, 'Thu': {'working_hours': [{'from': '00:00', 'to': '24:00'}]}, 'Tue': {'working_hours': [{'from': '00:00', 'to': '24:00'}]}, 'Wed': {'working_hours': [{'from': '00:00', 'to': '24:00'}]}, 'is_24x7': True}",глэмпинг
"Тау самалы, зона отдыха","улица Логовая, 1а/1",43.352799,77.48021,4.7,70,18,,Базы отдыха,"{'Fri': {'working_hours': [{'from': '09:00', 'to': '22:00'}]}, 'Mon': {'working_hours': [{'from': '09:00', 'to': '22:00'}]}, 'Sat': {'working_hours': [{'from': '09:00', 'to': '22:00'}]}, 'Sun': {'working_hours': [{'from': '09:00', 'to': '22:00'}]}, 'Thu': {'working_hours': [{'from': '09:00', 'to': '22:00'}]}, 'Tue': {'working_hours': [{'from': '09:00', 'to': '22:00'}]}, 'Wed': {'working_hours': [{'from': '09:00', 'to': '22:00'}]}}",глэмпинг
"BubbleGumView, база отдыха","улица Момышулы, 100а",43.280061,77.181983,4.6,187,147,,Базы отдыха,"{'Fri': {'working_hours': [{'from': '00:00', 'to': '24:00'}]}, 'Mon': {'working_hours': [{'from': '00:00', 'to': '24:00'}]}, 'Sat': {'working_hours': [{'from': '00:00', 'to': '24:00'}]}, 'Sun': {'working_hours': [{'from': '00:00', 'to': '24:00'}]}, 'Thu': {'working_hours': [{'from': '00:00', 'to': '24:00'}]}, 'Tue': {'working_hours': [{'from': '00:00', 'to': '24:00'}]}, 'Wed': {'working_hours': [{'from': '00:00', 'to': '24:00'}]}, 'is_24x7': True}",глэмпинг
"Non Solo Pizza, база отдыха","Лунная улица, 2",43.31886,77.283129,5,46,29,,"Базы отдыха, Кулинарные курсы","{'Fri': {'working_hours': [{'from': '00:00', 'to': '24:00'}]}, 'Mon': {'working_hours': [{'from': '00:00', 'to': '24:00'}]}, 'Sat': {'working_hours': [{'from': '00:00', 'to': '24:00'}]}, 'Sun': {'working_hours': [{'from': '00:00', 'to': '24:00'}]}, 'Thu': {'working_hours': [{'from': '00:00', 'to': '24:00'}]}, 'Tue': {'working_hours': [{'from': '00:00', 'to': '24:00'}]}, 'Wed': {'working_hours': [{'from': '00:00', 'to': '24:00'}]}, 'comment': 'по предварительной записи', 'is_24x7': True}",глэмпинг
"Тау-Дастархан, гостинично-ресторанный комплекс для отдыха в горах","улица Алма-Арасан Ущелье, 1/3",43.118334,76.913171,4.3,3416,1102,,"Базы отдыха, Бани и сауны, Бассейны, Гостиницы, Верёвочные парки","{'Fri': {'working_hours': [{'from': '10:00', 'to': '23:00'}]}, 'Mon': {'working_hours': [{'from': '10:00', 'to': '23:00'}]}, 'Sat': {'working_hours': [{'from': '10:00', 'to': '23:00'}]}, 'Sun': {'working_hours': [{'from': '10:00', 'to': '23:00'}]}, 'Thu': {'working_hours': [{'from': '10:00', 'to': '23:00'}]}, 'Tue': {'working_hours': [{'from': '10:00', 'to': '23:00'}]}, 'Wed': {'working_hours': [{'from': '10:00', 'to': '23:00'}]}}",турбаза
"Eco Park Tour, база отдыха","трасса Алматы-Кольжат, 96",43.632446,80.045355,2.8,1838,1083,,"Организация активных туров, Турагентства внутреннего туризма, Термальные комплексы, Базы отдыха, Термальные процедуры / источники","{'Fri': {'working_hours': [{'from': '00:00', 'to': '24:00'}]}, 'Mon': {'working_hours': [{'from': '00:00', 'to': '24:00'}]}, 'Sat': {'working_hours': [{'from': '00:00', 'to': '24:00'}]}, 'Sun': {'working_hours': [{'from': '00:00', 'to': '24:00'}]}, 'Thu': {'working_hours': [{'from': '00:00', 'to': '24:00'}]}, 'Tue': {'working_hours': [{'from': '00:00', 'to': '24:00'}]}, 'Wed': {'working_hours': [{'from': '00:00', 'to': '24:00'}]}, 'is_24x7': True}",турбаза
"All Seasons Chundzha, горячие источники","трасса Алматы-Кольжат, 48",43.629308,80.014204,4.4,1075,508,,Базы отдыха,"{'Fri': {'working_hours': [{'from': '00:00', 'to': '24:00'}]}, 'Mon': {'working_hours': [{'from': '00:00', 'to': '24:00'}]}, 'Sat': {'working_hours': [{'from': '00:00', 'to': '24:00'}]}, 'Sun': {'working_hours': [{'from': '00:00', 'to': '24:00'}]}, 'Thu': {'working_hours': [{'from': '00:00', 'to': '24:00'}]}, 'Tue': {'working_hours': [{'from': '00:00', 'to': '24:00'}]}, 'Wed': {'working_hours': [{'from': '00:00', 'to': '24:00'}]}, 'is_24x7': True}",турбаза
"Four Seasons, горячие источники","Кольджатская трасса, 105 км",43.651879,80.155334,4.6,1008,510,,"Базы отдыха, Термальные процедуры / источники","{'Fri': {'working_hours': [{'from': '00:00', 'to': '03:00'}, {'from': '07:00', 'to': '24:00'}]}, 'Mon': {'working_hours': [{'from': '00:00', 'to': '03:00'}, {'from': '07:00', 'to': '24:00'}]}, 'Sat': {'working_hours': [{'from': '00:00', 'to': '03:00'}, {'from': '07:00', 'to': '24:00'}]}, 'Sun': {'working_hours': [{'from': '00:00', 'to': '03:00'}, {'from': '07:00', 'to': '24:00'}]}, 'Thu': {'working_hours': [{'from': '00:00', 'to': '03:00'}, {'from': '07:00', 'to': '24:00'}]}, 'Tue': {'working_hours': [{'from': '00:00', 'to': '03:00'}, {'from': '07:00', 'to': '24:00'}]}, 'Wed': {'working_hours': [{'from': '00:00', 'to': '03:00'}, {'from': '07:00', 'to': '24:00'}]}}",турбаза
Рыбацкая усадьба,"улица Водохранилище, 32",43.44569,76.713834,4.2,1536,940,,"Рыболовные центры, Товары для рыбалки, Бани и сауны, Аренда беседок, Базы отдыха, Гостиницы","{'Fri': {'working_hours': [{'from': '07:00', 'to': '23:00'}]}, 'Mon': {'working_hours': [{'from': '07:00', 'to': '23:00'}]}, 'Sat': {'working_hours': [{'from': '07:00', 'to': '23:00'}]}, 'Sun': {'working_hours': [{'from': '07:00', 'to': '23:00'}]}, 'Thu': {'working_hours': [{'from': '07:00', 'to': '23:00'}]}, 'Tue': {'working_hours': [{'from': '07:00', 'to': '23:00'}]}, 'Wed': {'working_hours': [{'from': '07:00', 'to': '23:00'}]}}",турбаза
"Деревушка, база отдыха","Карадалинский тракт, 1Б",43.637326,80.054974,4.5,502,263,,"Базы отдыха, Термальные процедуры / источники","{'Fri': {'working_hours': [{'from': '00:00', 'to': '24:00'}]}, 'Mon': {'working_hours': [{'from': '00:00', 'to': '24:00'}]}, 'Sat': {'working_hours': [{'from': '00:00', 'to': '24:00'}]}, 'Sun': {'working_hours': [{'from': '00:00', 'to': '24:00'}]}, 'Thu': {'working_hours': [{'from': '00:00', 'to': '24:00'}]}, 'Tue': {'working_hours': [{'from': '00:00', 'to': '24:00'}]}, 'Wed': {'working_hours': [{'from': '00:00', 'to': '24:00'}]}, 'comment': 'администрация: пн-вс 9:00-21:00', 'is_24x7': True}",турбаза
"Жемчужина, зона отдыха","трасса Алматы-Кольжат, 48а",43.630926,80.012478,4.5,717,372,,Базы отдыха,"{'Fri': {'working_hours': [{'from': '00:00', 'to': '24:00'}]}, 'Mon': {'working_hours': [{'from': '00:00', 'to': '24:00'}]}, 'Sat': {'working_hours': [{'from': '00:00', 'to': '24:00'}]}, 'Sun': {'working_hours': [{'from': '00:00', 'to': '24:00'}]}, 'Thu': {'working_hours': [{'from': '00:00', 'to': '24:00'}]}, 'Tue': {'working_hours': [{'from': '00:00', 'to': '24:00'}]}, 'Wed': {'working_hours': [{'from': '00:00', 'to': '24:00'}]}, 'comment': 'по предварительной записи', 'is_24x7': True}",турбаза
"Sakura, горячие источники","Карадалинский тракт, 101",43.641385,80.099001,4.7,1028,502,,"Базы отдыха, Термальные процедуры / источники","{'Fri': {'working_hours': [{'from': '00:00', 'to': '24:00'}]}, 'Mon': {'working_hours': [{'from': '00:00', 'to': '24:00'}]}, 'Sat': {'working_hours': [{'from': '00:00', 'to': '24:00'}]}, 'Sun': {'working_hours': [{'from': '00:00', 'to': '24:00'}]}, 'Thu': {'working_hours': [{'from': '00:00', 'to': '24:00'}]}, 'Tue': {'working_hours': [{'from': '00:00', 'to': '24:00'}]}, 'Wed': {'working_hours': [{'from': '00:00', 'to': '24:00'}]}, 'is_24x7': True}",турбаза
"Alma park, горячие источники","Карадалинский тракт, 58",43.643675,80.102849,4.8,1394,1031,,"Базы отдыха, Термальные процедуры / источники","{'Fri': {'working_hours': [{'from': '00:00', 'to': '24:00'}]}, 'Mon': {'working_hours': [{'from': '00:00', 'to': '24:00'}]}, 'Sat': {'working_hours': [{'from': '00:00', 'to': '24:00'}]}, 'Sun': {'working_hours': [{'from': '00:00', 'to': '24:00'}]}, 'Thu': {'working_hours': [{'from': '00:00', 'to': '24:00'}]}, 'Tue': {'working_hours': [{'from': '00:00', 'to': '24:00'}]}, 'Wed': {'working_hours': [{'from': '00:00', 'to': '24:00'}]}, 'is_24x7': True}",турбаза
"Ulan Hot Spring Resort, база отдыха","трасса Алматы-Кольжат, 2Б",43.636942,80.054257,4.5,604,314,,"Базы отдыха, Бани и сауны, SPA-процедуры, Бильярдные залы, Массажист","{'Fri': {'working_hours': [{'from': '09:00', 'to': '22:00'}]}, 'Mon': {'working_hours': [{'from': '09:00', 'to': '22:00'}]}, 'Sat': {'working_hours': [{'from': '09:00', 'to': '22:00'}]}, 'Sun': {'working_hours': [{'from': '09:00', 'to': '22:00'}]}, 'Thu': {'working_hours': [{'from': '09:00', 'to': '22:00'}]}, 'Tue': {'working_hours': [{'from': '09:00', 'to': '22:00'}]}, 'Wed': {'working_hours': [{'from': '09:00', 'to': '22:00'}]}}",турбаза
"Prestige, горячие источники","Карадалинский тракт, 51",43.643232,80.101553,4.5,618,374,,"Базы отдыха, Термальные процедуры / источники","{'Fri': {'working_hours': [{'from': '00:00', 'to': '24:00'}]}, 'Mon': {'working_hours': [{'from': '00:00', 'to': '24:00'}]}, 'Sat': {'working_hours': [{'from': '00:00', 'to': '24:00'}]}, 'Sun': {'working_hours': [{'from': '00:00', 'to': '24:00'}]}, 'Thu': {'working_hours': [{'from': '00:00', 'to': '24:00'}]}, 'Tue': {'working_hours': [{'from': '00:00', 'to': '24:00'}]}, 'Wed': {'working_hours': [{'from': '00:00', 'to': '24:00'}]}, 'is_24x7': True}",турбаза
"Восемь озёр, центр отдыха","улица Мустафина, 1а/1",43.507068,77.156256,3.9,4216,1822,,"Базы отдыха, Бани и сауны","{'Fri': {'working_hours': [{'from': '10:00', 'to': '22:00'}]}, 'Mon': {'working_hours': [{'from': '10:00', 'to': '22:00'}]}, 'Sat': {'working_hours': [{'from': '10:00', 'to': '22:00'}]}, 'Sun': {'working_hours': [{'from': '10:00', 'to': '22:00'}]}, 'Thu': {'working_hours': [{'from': '10:00', 'to': '22:00'}]}, 'Tue': {'working_hours': [{'from': '10:00', 'to': '22:00'}]}, 'Wed': {'working_hours': [{'from': '10:00', 'to': '22:00'}]}}",турбаза
"Aqua Grand, горячие источники","Карадалинский тракт, 57/1",43.648466,80.115713,4.2,409,184,,"Базы отдыха, Термальные процедуры / источники","{'Fri': {'working_hours': [{'from': '00:00', 'to': '24:00'}]}, 'Mon': {'working_hours': [{'from': '00:00', 'to': '24:00'}]}, 'Sat': {'working_hours': [{'from': '00:00', 'to': '24:00'}]}, 'Sun': {'working_hours': [{'from': '00:00', 'to': '24:00'}]}, 'Thu': {'working_hours': [{'from': '00:00', 'to': '24:00'}]}, 'Tue': {'working_hours': [{'from': '00:00', 'to': '24:00'}]}, 'Wed': {'working_hours': [{'from': '00:00', 'to': '24:00'}]}, 'is_24x7': True}",турбаза
"Home Club, природно-развлекательный парк","улица Темирбекова, 1а",43.152904,76.569829,4.4,1394,366,,Базы отдыха,"{'Fri': {'working_hours': [{'from': '00:00', 'to': '24:00'}]}, 'Mon': {'working_hours': [{'from': '00:00', 'to': '24:00'}]}, 'Sat': {'working_hours': [{'from': '00:00', 'to': '24:00'}]}, 'Sun': {'working_hours': [{'from': '00:00', 'to': '24:00'}]}, 'Thu': {'working_hours': [{'from': '00:00', 'to': '24:00'}]}, 'Tue': {'working_hours': [{'from': '00:00', 'to': '24:00'}]}, 'Wed': {'working_hours': [{'from': '00:00', 'to': '24:00'}]}, 'is_24x7': True}",турбаза
"Tau-Asu, база отдыха","улица Кунаева, 1/1",43.281105,77.178103,4.8,1714,508,,"Конные клубы, Аренда беседок, Базы отдыха, Тюбинговые трассы, Бассейны, Тимбилдинг","{'Fri': {'working_hours': [{'from': '10:00', 'to': '22:00'}]}, 'Mon': {'working_hours': [{'from': '10:00', 'to': '22:00'}]}, 'Sat': {'working_hours': [{'from': '10:00', 'to': '22:00'}]}, 'Sun': {'working_hours': [{'from': '10:00', 'to': '22:00'}]}, 'Thu': {'working_hours': [{'from': '10:00', 'to': '22:00'}]}, 'Tue': {'working_hours': [{'from': '10:00', 'to': '22:00'}]}, 'Wed': {'working_hours': [{'from': '10:00', 'to': '22:00'}]}}",турбаза
"Farm House, развлекательный комплекс","улица Аксуат, 132/2",43.368845,76.952117,2.9,4026,966,,Базы отдыха,"{'Fri': {'working_hours': [{'from': '09:00', 'to': '21:00'}]}, 'Mon': {'working_hours': [{'from': '09:00', 'to': '21:00'}]}, 'Sat': {'working_hours': [{'from': '09:00', 'to': '21:00'}]}, 'Sun': {'working_hours': [{'from': '09:00', 'to': '21:00'}]}, 'Thu': {'working_hours': [{'from': '09:00', 'to': '21:00'}]}, 'Tue': {'working_hours': [{'from': '09:00', 'to': '21:00'}]}, 'Wed': {'working_hours': [{'from': '09:00', 'to': '21:00'}]}}",турбаза
"У Михалыча, фазенда","улица Абдрахман ущелье, 1504а",43.296449,77.381985,4.7,1294,607,,"Базы отдыха, Аренда беседок, Рыболовные центры, Конные клубы","{'Fri': {'working_hours': [{'from': '09:30', 'to': '22:00'}]}, 'Mon': {'working_hours': [{'from': '09:30', 'to': '22:00'}]}, 'Sat': {'working_hours': [{'from': '09:30', 'to': '22:00'}]}, 'Sun': {'working_hours': [{'from': '09:30', 'to': '22:00'}]}, 'Thu': {'working_hours': [{'from': '09:30', 'to': '22:00'}]}, 'Tue': {'working_hours': [{'from': '09:30', 'to': '22:00'}]}, 'Wed': {'working_hours': [{'from': '09:30', 'to': '22:00'}]}}",турбаза
"Tal Resort, база отдыха","129-1 учетный квартал, 44",43.299829,77.26698,4.4,1182,604,,"Базы отдыха, Банкетные залы","{'Fri': {'working_hours': [{'from': '00:00', 'to': '24:00'}]}, 'Mon': {'working_hours': [{'from': '00:00', 'to': '24:00'}]}, 'Sat': {'working_hours': [{'from': '00:00', 'to': '24:00'}]}, 'Sun': {'working_hours': [{'from': '00:00', 'to': '24:00'}]}, 'Thu': {'working_hours': [{'from': '00:00', 'to': '24:00'}]}, 'Tue': {'working_hours': [{'from': '00:00', 'to': '24:00'}]}, 'Wed': {'working_hours': [{'from': '00:00', 'to': '24:00'}]}, 'is_24x7': True}",турбаза
"Red rhino, зона отдыха","улица Султангазина, 11/11",43.208168,76.993952,4.8,168,43,,Базы отдыха,"{'Fri': {'working_hours': [{'from': '09:00', 'to': '22:00'}]}, 'Mon': {'working_hours': [{'from': '09:00', 'to': '22:00'}]}, 'Sat': {'working_hours': [{'from': '09:00', 'to': '22:00'}]}, 'Sun': {'working_hours': [{'from': '09:00', 'to': '23:00'}]}, 'Thu': {'working_hours': [{'from': '09:00', 'to': '22:00'}]}, 'Tue': {'working_hours': [{'from': '09:00', 'to': '22:00'}]}, 'Wed': {'working_hours': [{'from': '09:00', 'to': '22:00'}]}, 'comment': 'по предварительной записи'}",турбаза
"Balyqty Bulaq, база отдыха","Мустафы Шокая улица, 345",43.247665,77.016693,4.2,1539,471,,Базы отдыха,"{'Fri': {'working_hours': [{'from': '10:00', 'to': '21:00'}]}, 'Mon': {'working_hours': [{'from': '10:00', 'to': '21:00'}]}, 'Sat': {'working_hours': [{'from': '10:00', 'to': '21:00'}]}, 'Sun': {'working_hours': [{'from': '10:00', 'to': '21:00'}]}, 'Thu': {'working_hours': [{'from': '10:00', 'to': '21:00'}]}, 'Tue': {'working_hours': [{'from': '10:00', 'to': '21:00'}]}, 'Wed': {'working_hours': [{'from': '10:00', 'to': '21:00'}]}}",турбаза
"AulResort, комплекс семейного отдыха","Верхняя Каскеленская трасса, 36а",43.164908,76.587631,4.2,2240,971,,"Базы отдыха, Конные клубы","{'Fri': {'working_hours': [{'from': '09:00', 'to': '21:00'}]}, 'Mon': {'working_hours': [{'from': '09:00', 'to': '21:00'}]}, 'Sat': {'working_hours': [{'from': '09:00', 'to': '21:00'}]}, 'Sun': {'working_hours': [{'from': '09:00', 'to': '21:00'}]}, 'Thu': {'working_hours': [{'from': '09:00', 'to': '21:00'}]}, 'Tue': {'working_hours': [{'from': '09:00', 'to': '21:00'}]}, 'Wed': {'working_hours': [{'from': '09:00', 'to': '21:00'}]}, 'comment': 'SPA: пн-вс 9:00-20:00'}",турбаза
"Country Village Resort, комплекс семейного отдыха","улица Аксайское ущелье, 1",43.140438,76.799425,4.7,1508,829,,Базы отдыха,"{'Fri': {'working_hours': [{'from': '09:00', 'to': '01:00'}]}, 'Mon': {'working_hours': [{'from': '09:00', 'to': '01:00'}]}, 'Sat': {'working_hours': [{'from': '09:00', 'to': '01:00'}]}, 'Sun': {'working_hours': [{'from': '09:00', 'to': '01:00'}]}, 'Thu': {'working_hours': [{'from': '09:00', 'to': '01:00'}]}, 'Tue': {'working_hours': [{'from': '09:00', 'to': '01:00'}]}, 'Wed': {'working_hours': [{'from': '09:00', 'to': '01:00'}]}}",турбаза
"Tortuga, база отдыха","Первомайская промышленная зона, 302а",43.385159,76.914377,4.4,516,120,,"Базы отдыха, Спортивно-тактические клубы, Водные прогулки","{'Fri': {'working_hours': [{'from': '10:00', 'to': '19:00'}]}, 'Mon': {'working_hours': [{'from': '10:00', 'to': '19:00'}]}, 'Sat': {'working_hours': [{'from': '10:00', 'to': '19:00'}]}, 'Sun': {'working_hours': [{'from': '10:00', 'to': '19:00'}]}, 'Thu': {'working_hours': [{'from': '10:00', 'to': '19:00'}]}, 'Tue': {'working_hours': [{'from': '10:00', 'to': '19:00'}]}, 'Wed': {'working_hours': [{'from': '10:00', 'to': '19:00'}]}}",турбаза
Талгарское форелевое хозяйство,"улица Абая, 1/1",43.273259,77.211456,4,2999,1039,,"Базы отдыха, Рыбные хозяйства","{'Fri': {'working_hours': [{'from': '09:00', 'to': '24:00'}]}, 'Mon': {'working_hours': [{'from': '09:00', 'to': '24:00'}]}, 'Sat': {'working_hours': [{'from': '09:00', 'to': '24:00'}]}, 'Sun': {'working_hours': [{'from': '09:00', 'to': '24:00'}]}, 'Thu': {'working_hours': [{'from': '09:00', 'to': '24:00'}]}, 'Tue': {'working_hours': [{'from': '09:00', 'to': '24:00'}]}, 'Wed': {'working_hours': [{'from': '09:00', 'to': '24:00'}]}}",турбаза
"Мираж, база отдыха","Тохтибакеевых улица, 1а",43.623825,80.020633,4.1,743,230,,Базы отдыха,"{'Fri': {'working_hours': [{'from': '08:00', 'to': '22:00'}]}, 'Mon': {'working_hours': [{'from': '08:00', 'to': '22:00'}]}, 'Sat': {'working_hours': [{'from': '08:00', 'to': '22:00'}]}, 'Sun': {'working_hours': [{'from': '08:00', 'to': '22:00'}]}, 'Thu': {'working_hours': [{'from': '08:00', 'to': '22:00'}]}, 'Tue': {'working_hours': [{'from': '08:00', 'to': '22:00'}]}, 'Wed': {'working_hours': [{'from': '08:00', 'to': '22:00'}]}}",турбаза
"Zvezdnaya, капсульный экоотель","Галамат микрорайон, 795",43.151893,76.875804,4.8,364,172,,Базы отдыха,"{'Fri': {'working_hours': [{'from': '00:00', 'to': '24:00'}]}, 'Mon': {'working_hours': [{'from': '00:00', 'to': '24:00'}]}, 'Sat': {'working_hours': [{'from': '00:00', 'to': '24:00'}]}, 'Sun': {'working_hours': [{'from': '00:00', 'to': '24:00'}]}, 'Thu': {'working_hours': [{'from': '00:00', 'to': '24:00'}]}, 'Tue': {'working_hours': [{'from': '00:00', 'to': '24:00'}]}, 'Wed': {'working_hours': [{'from': '00:00', 'to': '24:00'}]}, 'is_24x7': True}",турбаза
"Qazaq Auyl Hotel, экоотель","Керей-Жанибек хандар улица, 586а/9",43.161903,77.060454,4.7,344,100,,Базы отдыха,"{'Fri': {'working_hours': [{'from': '00:00', 'to': '24:00'}]}, 'Mon': {'working_hours': [{'from': '00:00', 'to': '24:00'}]}, 'Sat': {'working_hours': [{'from': '00:00', 'to': '24:00'}]}, 'Sun': {'working_hours': [{'from': '00:00', 'to': '24:00'}]}, 'Thu': {'working_hours': [{'from': '00:00', 'to': '24:00'}]}, 'Tue': {'working_hours': [{'from': '00:00', 'to': '24:00'}]}, 'Wed': {'working_hours': [{'from': '00:00', 'to': '24:00'}]}, 'is_24x7': True}",турбаза
"Sulu sai, центр отдыха","ущелье Ой-Карагай территория, 1660",43.230708,77.129475,4.4,779,297,,"Банкетные залы, Базы отдыха","{'Fri': {'working_hours': [{'from': '09:00', 'to': '23:00'}]}, 'Mon': {'working_hours': [{'from': '09:00', 'to': '23:00'}]}, 'Sat': {'working_hours': [{'from': '09:00', 'to': '23:00'}]}, 'Sun': {'working_hours': [{'from': '09:00', 'to': '23:00'}]}, 'Thu': {'working_hours': [{'from': '09:00', 'to': '23:00'}]}, 'Tue': {'working_hours': [{'from': '09:00', 'to': '23:00'}]}, 'Wed': {'working_hours': [{'from': '09:00', 'to': '23:00'}]}}",турбаза
"Я тут, база отдыха","улица Бокина, 3/1",43.290526,77.28435,4.7,651,231,,Базы отдыха,"{'Fri': {'working_hours': [{'from': '10:00', 'to': '19:00'}]}, 'Mon': {'working_hours': [{'from': '10:00', 'to': '19:00'}]}, 'Sat': {'working_hours': [{'from': '10:00', 'to': '19:00'}]}, 'Sun': {'working_hours': [{'from': '10:00', 'to': '19:00'}]}, 'Thu': {'working_hours': [{'from': '10:00', 'to': '19:00'}]}, 'Tue': {'working_hours': [{'from': '10:00', 'to': '19:00'}]}, 'Wed': {'working_hours': [{'from': '10:00', 'to': '19:00'}]}}",турбаза
"Первомайские пруды, парк активного отдыха","микрорайон Первомайские пруды, 11Б",43.395189,76.909694,4.2,1769,755,,"Базы отдыха, Аквапарки, Аренда беседок, Бани и сауны","{'Fri': {'working_hours': [{'from': '10:00', 'to': '22:00'}]}, 'Mon': {'working_hours': [{'from': '10:00', 'to': '22:00'}]}, 'Sat': {'working_hours': [{'from': '10:00', 'to': '22:00'}]}, 'Sun': {'working_hours': [{'from': '10:00', 'to': '22:00'}]}, 'Thu': {'working_hours': [{'from': '10:00', 'to': '22:00'}]}, 'Tue': {'working_hours': [{'from': '10:00', 'to': '22:00'}]}, 'Wed': {'working_hours': [{'from': '10:00', 'to': '22:00'}]}}",турбаза
"Argymaq.02, база отдыха","улица Жетысу, 46а",43.357754,77.30906,4.7,505,189,,"Базы отдыха, Конные клубы","{'Fri': {'working_hours': [{'from': '10:00', 'to': '20:00'}]}, 'Mon': {'working_hours': [{'from': '10:00', 'to': '20:00'}]}, 'Sat': {'working_hours': [{'from': '10:00', 'to': '20:00'}]}, 'Sun': {'working_hours': [{'from': '10:00', 'to': '20:00'}]}, 'Thu': {'working_hours': [{'from': '10:00', 'to': '20:00'}]}, 'Tue': {'working_hours': [{'from': '10:00', 'to': '20:00'}]}, 'Wed': {'working_hours': [{'from': '10:00', 'to': '20:00'}]}}",турбаза
"Apple Resort, комплекс","ПК Горный Гигант территория, 2920а",43.232951,77.013515,4.7,789,637,,"Банкетные залы, Конференц-залы, Базы отдыха","{'Fri': {'working_hours': [{'from': '00:00', 'to': '24:00'}]}, 'Mon': {'working_hours': [{'from': '00:00', 'to': '24:00'}]}, 'Sat': {'working_hours': [{'from': '00:00', 'to': '24:00'}]}, 'Sun': {'working_hours': [{'from': '00:00', 'to': '24:00'}]}, 'Thu': {'working_hours': [{'from': '00:00', 'to': '24:00'}]}, 'Tue': {'working_hours': [{'from': '00:00', 'to': '24:00'}]}, 'Wed': {'working_hours': [{'from': '00:00', 'to': '24:00'}]}, 'is_24x7': True}",турбаза
"Sulu Tau Resort, комплекс отдыха","Кайрат улица, 1а/2",43.160628,76.580836,4.8,615,108,,"Базы отдыха, Аренда беседок","{'Fri': {'working_hours': [{'from': '10:00', 'to': '22:00'}]}, 'Mon': {'working_hours': [{'from': '10:00', 'to': '22:00'}]}, 'Sat': {'working_hours': [{'from': '10:00', 'to': '22:00'}]}, 'Sun': {'working_hours': [{'from': '10:00', 'to': '22:00'}]}, 'Thu': {'working_hours': [{'from': '10:00', 'to': '22:00'}]}, 'Tue': {'working_hours': [{'from': '10:00', 'to': '22:00'}]}, 'Wed': {'working_hours': [{'from': '10:00', 'to': '22:00'}]}}",турбаза
"E`den, база отдыха","Маралды улица, 24/1",43.028154,76.60716,4.5,266,129,,"Базы отдыха, Банкетные залы, Бани и сауны","{'Fri': {'working_hours': [{'from': '00:00', 'to': '24:00'}]}, 'Mon': {'working_hours': [{'from': '00:00', 'to': '24:00'}]}, 'Sat': {'working_hours': [{'from': '00:00', 'to': '24:00'}]}, 'Sun': {'working_hours': [{'from': '00:00', 'to': '24:00'}]}, 'Thu': {'working_hours': [{'from': '00:00', 'to': '24:00'}]}, 'Tue': {'working_hours': [{'from': '00:00', 'to': '24:00'}]}, 'Wed': {'working_hours': [{'from': '00:00', 'to': '24:00'}]}, 'is_24x7': True}",турбаза
"Этно-аул Гунны, этническая база отдыха","улица Солдатское ущелье, 5",43.273703,77.331166,4.6,226,89,,Базы отдыха,"{'Fri': {'working_hours': [{'from': '09:00', 'to': '18:00'}]}, 'Mon': {'working_hours': [{'from': '09:00', 'to': '18:00'}]}, 'Sat': {'working_hours': [{'from': '09:00', 'to': '18:00'}]}, 'Sun': {'working_hours': [{'from': '09:00', 'to': '18:00'}]}, 'Thu': {'working_hours': [{'from': '09:00', 'to': '18:00'}]}, 'Tue': {'working_hours': [{'from': '09:00', 'to': '18:00'}]}, 'Wed': {'working_hours': [{'from': '09:00', 'to': '18:00'}]}}",турбаза
"Марал-Сай, высокогорная база отдыха","улица Маралсай, 282",43.245352,77.193672,4.7,156,52,,"Базы отдыха, Аренда беседок, Аренда спортивных площадок, Конференц-залы, Детские лагеря","{'Fri': {'working_hours': [{'from': '00:00', 'to': '24:00'}]}, 'Mon': {'working_hours': [{'from': '00:00', 'to': '24:00'}]}, 'Sat': {'working_hours': [{'from': '00:00', 'to': '24:00'}]}, 'Sun': {'working_hours': [{'from': '00:00', 'to': '24:00'}]}, 'Thu': {'working_hours': [{'from': '00:00', 'to': '24:00'}]}, 'Tue': {'working_hours': [{'from': '00:00', 'to': '24:00'}]}, 'Wed': {'working_hours': [{'from': '00:00', 'to': '24:00'}]}, 'is_24x7': True}",турбаза
"Фазенда 999, база отдыха","8-я линия, 1",43.517781,77.099806,4.8,755,372,,"Базы отдыха, Рыболовные центры, Аренда беседок, Рыбные хозяйства","{'Fri': {'working_hours': [{'from': '09:00', 'to': '22:00'}]}, 'Mon': {'working_hours': [{'from': '09:00', 'to': '22:00'}]}, 'Sat': {'working_hours': [{'from': '09:00', 'to': '22:00'}]}, 'Sun': {'working_hours': [{'from': '09:00', 'to': '22:00'}]}, 'Thu': {'working_hours': [{'from': '09:00', 'to': '22:00'}]}, 'Tue': {'working_hours': [{'from': '09:00', 'to': '22:00'}]}, 'Wed': {'working_hours': [{'from': '09:00', 'to': '22:00'}]}}",турбаза
"Alma Resort, зона отдыха","проспект Абылай хана, 22г",43.209374,76.582615,4.5,461,171,,"Базы отдыха, Банкетные залы","{'Fri': {'working_hours': [{'from': '10:00', 'to': '22:00'}]}, 'Mon': {'working_hours': [{'from': '10:00', 'to': '22:00'}]}, 'Sat': {'working_hours': [{'from': '10:00', 'to': '22:00'}]}, 'Sun': {'working_hours': [{'from': '10:00', 'to': '22:00'}]}, 'Thu': {'working_hours': [{'from': '10:00', 'to': '22:00'}]}, 'Tue': {'working_hours': [{'from': '10:00', 'to': '22:00'}]}, 'Wed': {'working_hours': [{'from': '10:00', 'to': '22:00'}]}}",турбаза
"Пик Талгар, эко-деревня","Звёздная улица, 34г",43.319691,77.279535,5,50,28,,"Базы отдыха, Бани и сауны","{'Fri': {'working_hours': [{'from': '00:00', 'to': '24:00'}]}, 'Mon': {'working_hours': [{'from': '00:00', 'to': '24:00'}]}, 'Sat': {'working_hours': [{'from': '00:00', 'to': '24:00'}]}, 'Sun': {'working_hours': [{'from': '00:00', 'to': '24:00'}]}, 'Thu': {'working_hours': [{'from': '00:00', 'to': '24:00'}]}, 'Tue': {'working_hours': [{'from': '00:00', 'to': '24:00'}]}, 'Wed': {'working_hours': [{'from': '00:00', 'to': '24:00'}]}, 'is_24x7': True}",турбаза
"Qazaq Garden Eco-hotel, гостевой сад","Оспанова улица, 85/78",43.198831,76.960309,5,341,178,,"Базы отдыха, Гостиницы, Кемпинги","{'Fri': {'working_hours': [{'from': '09:00', 'to': '22:00'}]}, 'Mon': {'working_hours': [{'from': '09:00', 'to': '22:00'}]}, 'Sat': {'working_hours': [{'from': '09:00', 'to': '22:00'}]}, 'Sun': {'working_hours': [{'from': '09:00', 'to': '22:00'}]}, 'Thu': {'working_hours': [{'from': '09:00', 'to': '22:00'}]}, 'Tue': {'working_hours': [{'from': '09:00', 'to': '22:00'}]}, 'Wed': {'working_hours': [{'from': '09:00', 'to': '22:00'}]}}",турбаза
"Березовая роща, зона отдыха","улица Бейсеуова, 200/1",43.18258,77.085293,4.3,102,15,,Базы отдыха,"{'Fri': {'working_hours': [{'from': '09:00', 'to': '22:00'}]}, 'Mon': {'working_hours': [{'from': '09:00', 'to': '22:00'}]}, 'Sat': {'working_hours': [{'from': '09:00', 'to': '22:00'}]}, 'Sun': {'working_hours': [{'from': '09:00', 'to': '22:00'}]}, 'Thu': {'working_hours': [{'from': '09:00', 'to': '22:00'}]}, 'Tue': {'working_hours': [{'from': '09:00', 'to': '22:00'}]}, 'Wed': {'working_hours': [{'from': '09:00', 'to': '22:00'}]}}",турбаза
"Мерей, база отдыха","улица Северное побережье, 8",43.900772,77.134775,4.7,406,259,,"Базы отдыха, Рыболовные центры","{'Fri': {'working_hours': [{'from': '09:00', 'to': '21:00'}]}, 'Mon': {'working_hours': [{'from': '09:00', 'to': '21:00'}]}, 'Sat': {'working_hours': [{'from': '09:00', 'to': '21:00'}]}, 'Sun': {'working_hours': [{'from': '09:00', 'to': '21:00'}]}, 'Thu': {'working_hours': [{'from': '09:00', 'to': '21:00'}]}, 'Tue': {'working_hours': [{'from': '09:00', 'to': '21:00'}]}, 'Wed': {'working_hours': [{'from': '09:00', 'to': '21:00'}]}}",турбаза
"Adalet Resort, база отдыха","улица Иштвана Коныра, 115/1",43.26627,77.017845,4.6,314,114,,Базы отдыха,"{'Fri': {'working_hours': [{'from': '00:00', 'to': '24:00'}]}, 'Mon': {'working_hours': [{'from': '00:00', 'to': '24:00'}]}, 'Sat': {'working_hours': [{'from': '00:00', 'to': '24:00'}]}, 'Sun': {'working_hours': [{'from': '00:00', 'to': '24:00'}]}, 'Thu': {'working_hours': [{'from': '00:00', 'to': '24:00'}]}, 'Tue': {'working_hours': [{'from': '00:00', 'to': '24:00'}]}, 'Wed': {'working_hours': [{'from': '00:00', 'to': '24:00'}]}, 'is_24x7': True}",турбаза
"Umbra village, база отдыха","СО Сады Алатау, 30",43.280564,77.26989,4.9,173,61,,Базы отдыха,"{'Fri': {'working_hours': [{'from': '08:00', 'to': '21:00'}]}, 'Mon': {'working_hours': [{'from': '08:00', 'to': '21:00'}]}, 'Sat': {'working_hours': [{'from': '08:00', 'to': '21:00'}]}, 'Sun': {'working_hours': [{'from': '08:00', 'to': '21:00'}]}, 'Thu': {'working_hours': [{'from': '08:00', 'to': '21:00'}]}, 'Tue': {'working_hours': [{'from': '08:00', 'to': '21:00'}]}, 'Wed': {'working_hours': [{'from': '08:00', 'to': '21:00'}]}}",турбаза
"Тан, зона отдыха","Верхняя Каскеленская трасса, 77",43.157622,76.613477,4.7,212,57,,Базы отдыха,"{'Fri': {'working_hours': [{'from': '10:00', 'to': '22:00'}]}, 'Mon': {'working_hours': [{'from': '10:00', 'to': '22:00'}]}, 'Sat': {'working_hours': [{'from': '10:00', 'to': '22:00'}]}, 'Sun': {'working_hours': [{'from': '10:00', 'to': '22:00'}]}, 'Thu': {'working_hours': [{'from': '10:00', 'to': '22:00'}]}, 'Tue': {'working_hours': [{'from': '10:00', 'to': '22:00'}]}, 'Wed': {'working_hours': [{'from': '10:00', 'to': '22:00'}]}}",турбаза
"Terminal, гостевой комплекс","улица Шухова, 101ж",43.26417,76.984737,4.5,143,31,,Базы отдыха,"{'Fri': {'working_hours': [{'from': '00:00', 'to': '24:00'}]}, 'Mon': {'working_hours': [{'from': '00:00', 'to': '24:00'}]}, 'Sat': {'working_hours': [{'from': '00:00', 'to': '24:00'}]}, 'Sun': {'working_hours': [{'from': '00:00', 'to': '24:00'}]}, 'Thu': {'working_hours': [{'from': '00:00', 'to': '24:00'}]}, 'Tue': {'working_hours': [{'from': '00:00', 'to': '24:00'}]}, 'Wed': {'working_hours': [{'from': '00:00', 'to': '24:00'}]}, 'is_24x7': True}",турбаза
Kolsay Lakes Town,"улица Ултаракова, 1а",42.991568,78.326561,4.5,1046,773,,Базы отдыха,"{'Fri': {'working_hours': [{'from': '09:00', 'to': '22:00'}]}, 'Mon': {'working_hours': [{'from': '09:00', 'to': '22:00'}]}, 'Sat': {'working_hours': [{'from': '09:00', 'to': '22:00'}]}, 'Sun': {'working_hours': [{'from': '09:00', 'to': '22:00'}]}, 'Thu': {'working_hours': [{'from': '09:00', 'to': '22:00'}]}, 'Tue': {'working_hours': [{'from': '09:00', 'to': '22:00'}]}, 'Wed': {'working_hours': [{'from': '09:00', 'to': '22:00'}]}}",турбаза
"Panorama Mountain View, гостевой дом","улица Тау Самалы, 775",43.116731,76.786414,4.8,205,80,,Базы отдыха,"{'Fri': {'working_hours': [{'from': '09:00', 'to': '22:00'}]}, 'Mon': {'working_hours': [{'from': '09:00', 'to': '22:00'}]}, 'Sat': {'working_hours': [{'from': '09:00', 'to': '22:00'}]}, 'Sun': {'working_hours': [{'from': '09:00', 'to': '22:00'}]}, 'Thu': {'working_hours': [{'from': '09:00', 'to': '22:00'}]}, 'Tue': {'working_hours': [{'from': '09:00', 'to': '22:00'}]}, 'Wed': {'working_hours': [{'from': '09:00', 'to': '22:00'}]}}",турбаза
"Arman Dala Resort, гостиница","Верхняя Каскеленская трасса, 32/2Б",43.157759,76.632462,4.9,150,59,,Базы отдыха,"{'Fri': {'working_hours': [{'from': '00:00', 'to': '24:00'}]}, 'Mon': {'working_hours': [{'from': '00:00', 'to': '24:00'}]}, 'Sat': {'working_hours': [{'from': '00:00', 'to': '24:00'}]}, 'Sun': {'working_hours': [{'from': '00:00', 'to': '24:00'}]}, 'Thu': {'working_hours': [{'from': '00:00', 'to': '24:00'}]}, 'Tue': {'working_hours': [{'from': '00:00', 'to': '24:00'}]}, 'Wed': {'working_hours': [{'from': '00:00', 'to': '24:00'}]}, 'is_24x7': True}",турбаза
"Ata Park, зона отдыха","Керей-Жанибек хандар улица, 412г",43.189363,77.002875,4.8,346,156,,"Базы отдыха, Бани и сауны, Банкетные залы","{'Fri': {'working_hours': [{'from': '09:00', 'to': '02:00'}]}, 'Mon': {'working_hours': [{'from': '09:00', 'to': '02:00'}]}, 'Sat': {'working_hours': [{'from': '09:00', 'to': '02:00'}]}, 'Sun': {'working_hours': [{'from': '09:00', 'to': '02:00'}]}, 'Thu': {'working_hours': [{'from': '09:00', 'to': '02:00'}]}, 'Tue': {'working_hours': [{'from': '09:00', 'to': '02:00'}]}, 'Wed': {'working_hours': [{'from': '09:00', 'to': '02:00'}]}}",турбаза
"Qazaq Garden Eco-hotel, гостевой сад","Оспанова улица, 85/78",43.198831,76.960309,5,341,178,,"Базы отдыха, Гостиницы, Кемпинги","{'Fri': {'working_hours': [{'from': '09:00', 'to': '22:00'}]}, 'Mon': {'working_hours': [{'from': '09:00', 'to': '22:00'}]}, 'Sat': {'working_hours': [{'from': '09:00', 'to': '22:00'}]}, 'Sun': {'working_hours': [{'from': '09:00', 'to': '22:00'}]}, 'Thu': {'working_hours': [{'from': '09:00', 'to': '22:00'}]}, 'Tue': {'working_hours': [{'from': '09:00', 'to': '22:00'}]}, 'Wed': {'working_hours': [{'from': '09:00', 'to': '22:00'}]}}",кемпинг
"Гора Глэмпинг, база отдыха","улица Набережная, 1/1",43.224653,77.10607,4.9,541,391,,"Кемпинги, Бани и сауны, Аренда беседок, Базы отдыха","{'Fri': {'working_hours': [{'from': '09:00', 'to': '21:00'}]}, 'Mon': {'working_hours': [{'from': '09:00', 'to': '21:00'}]}, 'Sat': {'working_hours': [{'from': '09:00', 'to': '21:00'}]}, 'Sun': {'working_hours': [{'from': '09:00', 'to': '21:00'}]}, 'Thu': {'working_hours': [{'from': '09:00', 'to': '21:00'}]}, 'Tue': {'working_hours': [{'from': '09:00', 'to': '21:00'}]}, 'Wed': {'working_hours': [{'from': '09:00', 'to': '21:00'}]}}",кемпинг
"Turgensai, зона отдыха","улица Тургеньское ущелье, 1/1",43.329415,77.620045,4.5,254,68,,"Базы отдыха, Бани и сауны, Аренда беседок, Кемпинги, Рыба и морепродукты","{'Fri': {'working_hours': [{'from': '08:00', 'to': '19:00'}]}, 'Mon': {'working_hours': [{'from': '08:00', 'to': '19:00'}]}, 'Sat': {'working_hours': [{'from': '08:00', 'to': '19:00'}]}, 'Sun': {'working_hours': [{'from': '08:00', 'to': '19:00'}]}, 'Thu': {'working_hours': [{'from': '08:00', 'to': '19:00'}]}, 'Tue': {'working_hours': [{'from': '08:00', 'to': '19:00'}]}, 'Wed': {'working_hours': [{'from': '08:00', 'to': '19:00'}]}}",кемпинг
"Березовая Роща, кемпинг зона",,43.165945,76.991174,4.8,4,4,,Кемпинги,"{'Fri': {'working_hours': [{'from': '00:00', 'to': '24:00'}]}, 'Mon': {'working_hours': [{'from': '00:00', 'to': '24:00'}]}, 'Sat': {'working_hours': [{'from': '00:00', 'to': '24:00'}]}, 'Sun': {'working_hours': [{'from': '00:00', 'to': '24:00'}]}, 'Thu': {'working_hours': [{'from': '00:00', 'to': '24:00'}]}, 'Tue': {'working_hours': [{'from': '00:00', 'to': '24:00'}]}, 'Wed': {'working_hours': [{'from': '00:00', 'to': '24:00'}]}, 'is_24x7': True}",кемпинг
"Тумар, горячие источники","Карадалинский тракт, 50/1",43.643828,80.099291,4.4,208,74,,"Термальные процедуры / источники, Организация активных туров, Базы отдыха, Кемпинги","{'Fri': {'working_hours': [{'from': '00:00', 'to': '24:00'}]}, 'Mon': {'working_hours': [{'from': '00:00', 'to': '24:00'}]}, 'Sat': {'working_hours': [{'from': '00:00', 'to': '24:00'}]}, 'Sun': {'working_hours': [{'from': '00:00', 'to': '24:00'}]}, 'Thu': {'working_hours': [{'from': '00:00', 'to': '24:00'}]}, 'Tue': {'working_hours': [{'from': '00:00', 'to': '24:00'}]}, 'Wed': {'working_hours': [{'from': '00:00', 'to': '24:00'}]}, 'is_24x7': True}",кемпинг
"Чарын, визит-центр","Палуана улица, 1а/1",43.356623,79.054989,4.4,126,55,,"Организация активных туров, Кемпинги, Базы отдыха","{'Fri': {'working_hours': [{'from': '08:00', 'to': '19:00'}]}, 'Mon': {'working_hours': [{'from': '08:00', 'to': '19:00'}]}, 'Sat': {'working_hours': [{'from': '08:00', 'to': '20:00'}]}, 'Sun': {'working_hours': [{'from': '08:00', 'to': '20:00'}]}, 'Thu': {'working_hours': [{'from': '08:00', 'to': '19:00'}]}, 'Tue': {'working_hours': [{'from': '08:00', 'to': '19:00'}]}, 'Wed': {'working_hours': [{'from': '08:00', 'to': '19:00'}]}}",кемпинг
"Казачка, кемпинг зона",,43.125529,76.971802,,1,,,Кемпинги,"{'Fri': {'working_hours': [{'from': '00:00', 'to': '24:00'}]}, 'Mon': {'working_hours': [{'from': '00:00', 'to': '24:00'}]}, 'Sat': {'working_hours': [{'from': '00:00', 'to': '24:00'}]}, 'Sun': {'working_hours': [{'from': '00:00', 'to': '24:00'}]}, 'Thu': {'working_hours': [{'from': '00:00', 'to': '24:00'}]}, 'Tue': {'working_hours': [{'from': '00:00', 'to': '24:00'}]}, 'Wed': {'working_hours': [{'from': '00:00', 'to': '24:00'}]}, 'is_24x7': True}",кемпинг
"180camping, база отдыха","улица Тау Самалы, 1/1",43.113122,76.782333,4.7,126,82,,"Центры йоги, Кемпинги","{'Fri': {'working_hours': [{'from': '09:00', 'to': '22:00'}]}, 'Mon': {'working_hours': [{'from': '09:00', 'to': '22:00'}]}, 'Sat': {'working_hours': [{'from': '09:00', 'to': '22:00'}]}, 'Sun': {'working_hours': [{'from': '09:00', 'to': '22:00'}]}, 'Thu': {'working_hours': [{'from': '09:00', 'to': '22:00'}]}, 'Tue': {'working_hours': [{'from': '09:00', 'to': '22:00'}]}, 'Wed': {'working_hours': [{'from': '09:00', 'to': '22:00'}]}, 'comment': 'по предварительному звонку'}",кемпинг
"Muztay Camp, зона отдыха","улица Бейсеуова, 529",43.181228,77.094645,4.9,185,72,,"Базы отдыха, Кемпинги","{'Fri': {'working_hours': [{'from': '10:00', 'to': '20:00'}]}, 'Sat': {'working_hours': [{'from': '09:00', 'to': '21:00'}]}, 'Sun': {'working_hours': [{'from': '09:00', 'to': '21:00'}]}, 'Thu': {'working_hours': [{'from': '10:00', 'to': '20:00'}]}, 'Tue': {'working_hours': [{'from': '10:00', 'to': '20:00'}]}, 'Wed': {'working_hours': [{'from': '10:00', 'to': '20:00'}]}}",кемпинг
"Taipa Tam, база отдыха","129-1 учетный квартал, 2729",43.309736,77.291106,5,42,25,,"Базы отдыха, Бани и сауны, Кемпинги, Аренда беседок","{'Fri': {'working_hours': [{'from': '00:00', 'to': '24:00'}]}, 'Mon': {'working_hours': [{'from': '00:00', 'to': '24:00'}]}, 'Sat': {'working_hours': [{'from': '00:00', 'to': '24:00'}]}, 'Sun': {'working_hours': [{'from': '00:00', 'to': '24:00'}]}, 'Thu': {'working_hours': [{'from': '00:00', 'to': '24:00'}]}, 'Tue': {'working_hours': [{'from': '00:00', 'to': '24:00'}]}, 'Wed': {'working_hours': [{'from': '00:00', 'to': '24:00'}]}, 'is_24x7': True}",кемпинг
"Бутаковка, кемпинг зона",,43.178419,77.093437,5,8,1,,Кемпинги,"{'Fri': {'working_hours': [{'from': '00:00', 'to': '24:00'}]}, 'Mon': {'working_hours': [{'from': '00:00', 'to': '24:00'}]}, 'Sat': {'working_hours': [{'from': '00:00', 'to': '24:00'}]}, 'Sun': {'working_hours': [{'from': '00:00', 'to': '24:00'}]}, 'Thu': {'working_hours': [{'from': '00:00', 'to': '24:00'}]}, 'Tue': {'working_hours': [{'from': '00:00', 'to': '24:00'}]}, 'Wed': {'working_hours': [{'from': '00:00', 'to': '24:00'}]}, 'is_24x7': True}",кемпинг
альплагерь Туюк-Су,,43.11186,77.07436,5,12,3,,Кемпинги,,кемпинг
"Кимасар, кемпинг зона",,43.16089,77.093641,,,,,Кемпинги,"{'Fri': {'working_hours': [{'from': '00:00', 'to': '24:00'}]}, 'Mon': {'working_hours': [{'from': '00:00', 'to': '24:00'}]}, 'Sat': {'working_hours': [{'from': '00:00', 'to': '24:00'}]}, 'Sun': {'working_hours': [{'from': '00:00', 'to': '24:00'}]}, 'Thu': {'working_hours': [{'from': '00:00', 'to': '24:00'}]}, 'Tue': {'working_hours': [{'from': '00:00', 'to': '24:00'}]}, 'Wed': {'working_hours': [{'from': '00:00', 'to': '24:00'}]}, 'is_24x7': True}",кемпинг
"Хижина ""Ущелье поляна Терра""",,43.04558,76.913426,4.9,62,8,,Кемпинги,,кемпинг
"kolsay_tanbalytas_resort, база отдыха","Матаева улица, 1/1",43.035174,78.578305,5,50,34,,"Базы отдыха, Кемпинги, Конные клубы, Организация активных туров","{'Fri': {'working_hours': [{'from': '08:00', 'to': '21:00'}]}, 'Mon': {'working_hours': [{'from': '08:00', 'to': '21:00'}]}, 'Sat': {'working_hours': [{'from': '08:00', 'to': '21:00'}]}, 'Sun': {'working_hours': [{'from': '08:00', 'to': '21:00'}]}, 'Thu': {'working_hours': [{'from': '08:00', 'to': '21:00'}]}, 'Tue': {'working_hours': [{'from': '08:00', 'to': '21:00'}]}, 'Wed': {'working_hours': [{'from': '08:00', 'to': '21:00'}]}}",кемпинг
"Kaskelen Hills, база отдыха","улица Теремки, 125/2",43.169699,76.626584,5,2,2,,Кемпинги,"{'Fri': {'working_hours': [{'from': '00:00', 'to': '24:00'}]}, 'Mon': {'working_hours': [{'from': '00:00', 'to': '24:00'}]}, 'Sat': {'working_hours': [{'from': '00:00', 'to': '24:00'}]}, 'Sun': {'working_hours': [{'from': '00:00', 'to': '24:00'}]}, 'Thu': {'working_hours': [{'from': '00:00', 'to': '24:00'}]}, 'Tue': {'working_hours': [{'from': '00:00', 'to': '24:00'}]}, 'Wed': {'working_hours': [{'from': '00:00', 'to': '24:00'}]}, 'is_24x7': True}",кемпинг
Кемпинг зона Березовая Роща,,43.166122,76.991162,4.1,7,3,,Кемпинги,,кемпинг
Кемпинг зона Горельник,,43.138511,77.066188,4.9,26,0,,Кемпинги,,кемпинг
Kazachka Family Camp,"улица Казачка ущелье, 30//1",43.127821,76.931659,4.9,14,7,,Кемпинги,,кемпинг
"Африка, база отдыха","улица Северное побережье, 35/1",43.946028,77.315484,4.4,74,56,,"Базы отдыха, Кемпинги, Бани и сауны, Аренда беседок","{'Fri': {'working_hours': [{'from': '00:00', 'to': '24:00'}]}, 'Mon': {'working_hours': [{'from': '00:00', 'to': '24:00'}]}, 'Sat': {'working_hours': [{'from': '00:00', 'to': '24:00'}]}, 'Sun': {'working_hours': [{'from': '00:00', 'to': '24:00'}]}, 'Thu': {'working_hours': [{'from': '00:00', 'to': '24:00'}]}, 'Tue': {'working_hours': [{'from': '00:00', 'to': '24:00'}]}, 'Wed': {'working_hours': [{'from': '00:00', 'to': '24:00'}]}, 'is_24x7': True}",кемпинг
Тамаша,"ПК Медеу территория, 99",43.16893,76.799649,5,60,40,,"Базы отдыха, Аренда беседок, Кемпинги","{'Fri': {'working_hours': [{'from': '12:00', 'to': '22:00'}]}, 'Mon': {'working_hours': [{'from': '12:00', 'to': '22:00'}]}, 'Sat': {'working_hours': [{'from': '12:00', 'to': '22:00'}]}, 'Sun': {'working_hours': [{'from': '12:00', 'to': '22:00'}]}, 'Thu': {'working_hours': [{'from': '12:00', 'to': '22:00'}]}, 'Tue': {'working_hours': [{'from': '12:00', 'to': '22:00'}]}, 'Wed': {'working_hours': [{'from': '12:00', 'to': '22:00'}]}}",кемпинг
"Хижина ""Ущелье Проходное""",,43.013025,76.912802,3.5,1,0,Высота 3100 м.,Кемпинги,,кемпинг
"Хижина ""Кумбель""",,43.115967,77.033066,4.1,5,2,,Кемпинги,,кемпинг
"Yeti Tour, база отдыха","улица Тургеньское ущелье, 26а/2",43.240472,77.76384,5,23,15,,"Базы отдыха, Конные клубы, Кемпинги","{'Fri': {'working_hours': [{'from': '09:00', 'to': '12:00'}, {'from': '13:00', 'to': '20:00'}]}, 'Mon': {'working_hours': [{'from': '09:00', 'to': '12:00'}, {'from': '13:00', 'to': '20:00'}]}, 'Thu': {'working_hours': [{'from': '09:00', 'to': '12:00'}, {'from': '13:00', 'to': '20:00'}]}, 'Tue': {'working_hours': [{'from': '09:00', 'to': '12:00'}, {'from': '13:00', 'to': '20:00'}]}, 'Wed': {'working_hours': [{'from': '09:00', 'to': '12:00'}, {'from': '13:00', 'to': '20:00'}]}}",кемпинг
Хижина Ущелье Левый Талгар,,43.040515,77.155962,,,,Высота 2970 м.,Кемпинги,,кемпинг
Хижина Большое Алматинское ущелье,,43.002266,77.018308,4.5,2,1,Высота 3100 м.,Кемпинги,,кемпинг
Кемпинг зона Акбулак,,43.158137,77.03193,4.8,50,9,,Кемпинги,,кемпинг
Логово Совы,"улица Тажиева, 646а",43.134663,76.867024,,1,,,Кемпинги,"{'Fri': {'working_hours': [{'from': '10:00', 'to': '22:00'}]}, 'Mon': {'working_hours': [{'from': '10:00', 'to': '22:00'}]}, 'Sat': {'working_hours': [{'from': '10:00', 'to': '22:00'}]}, 'Sun': {'working_hours': [{'from': '10:00', 'to': '22:00'}]}, 'Thu': {'working_hours': [{'from': '10:00', 'to': '22:00'}]}, 'Tue': {'working_hours': [{'from': '10:00', 'to': '22:00'}]}, 'Wed': {'working_hours': [{'from': '10:00', 'to': '22:00'}]}}",кемпинг
"Хижина ""Букреев""",,43.171251,77.132373,4.2,14,7,,Кемпинги,,кемпинг
"Лунная, кемпинг зона",,43.066645,77.000051,,2,,,Кемпинги,"{'Fri': {'working_hours': [{'from': '00:00', 'to': '24:00'}]}, 'Mon': {'working_hours': [{'from': '00:00', 'to': '24:00'}]}, 'Sat': {'working_hours': [{'from': '00:00', 'to': '24:00'}]}, 'Sun': {'working_hours': [{'from': '00:00', 'to': '24:00'}]}, 'Thu': {'working_hours': [{'from': '00:00', 'to': '24:00'}]}, 'Tue': {'working_hours': [{'from': '00:00', 'to': '24:00'}]}, 'Wed': {'working_hours': [{'from': '00:00', 'to': '24:00'}]}, 'is_24x7': True}",кемпинг
Кемпинг зона Бутаковка,,43.178499,77.09306,5,10,0,,Кемпинги,,кемпинг
"Хижина ""Лунная поляна""",,43.066961,77.001247,4.9,6,1,Высота 2390 м.,Кемпинги,,кемпинг
"Озерное , кемпинг зона",,43.009522,77.005241,,,,,Кемпинги,"{'Fri': {'working_hours': [{'from': '00:00', 'to': '24:00'}]}, 'Mon': {'working_hours': [{'from': '00:00', 'to': '24:00'}]}, 'Sat': {'working_hours': [{'from': '00:00', 'to': '24:00'}]}, 'Sun': {'working_hours': [{'from': '00:00', 'to': '24:00'}]}, 'Thu': {'working_hours': [{'from': '00:00', 'to': '24:00'}]}, 'Tue': {'working_hours': [{'from': '00:00', 'to': '24:00'}]}, 'Wed': {'working_hours': [{'from': '00:00', 'to': '24:00'}]}, 'is_24x7': True}",кемпинг
Кемпинг зона БАО,,43.054028,76.991555,5,26,6,,Кемпинги,,кемпинг
Кемпинг зона Лунная,,43.066794,76.999788,5,1,0,,Кемпинги,,кемпинг
Хижина Солнечная поляна,,43.082861,77.164448,4.5,2,2,Высота 2630 м.,Кемпинги,,кемпинг
Кемпинг зона Мынжылкы,,43.081437,77.078773,4.7,10,1,,Кемпинги,,кемпинг
Хижина Ущелье Средний Талгар,,43.120014,77.285316,,,,Высота 3000 м,Кемпинги,,кемпинг
Хижина река Тургень,,43.172898,77.670693,5,1,1,Высота 2680 м.,Кемпинги,,кемпинг
"Хижина ""Верхний Горельник""",,43.091347,77.049439,4.9,2,1,Высота 3205 м.,Кемпинги,,кемпинг
"Хижина ""Ущелье Кызылсай""",,43.016702,77.060502,5,2,0,Высота 3560 м.,Кемпинги,,кемпинг
,,43.16293,76.63491,5,1,1,,Кемпинги,,кемпинг
Хижина Конечная морена ледника «Туюк-Су»,,43.061173,77.082513,5,2,2,Высота 3400 м.,Кемпинги,,кемпинг
Хижина Урочище Шубарарша,,43.007521,77.398687,,,,Высота 2930 м.,Кемпинги,,кемпинг
"""Чин Түрген өзені"" үйшігі",,43.188806,77.619669,,,,Высота 2830 м.,Кемпинги,,кемпинг
"Хижина ""Панорама""",,43.147042,77.117872,4.5,6,1,Высота 3060 м.,Кемпинги,,кемпинг
Хижина Озеро Боз-Коль,,43.158037,77.466894,,,,Высота 2650 м.,Кемпинги,,кемпинг
Хижина ледник Корженевского,,43.097874,77.409104,,,,Высота 3750 м.,Кемпинги,,кемпинг
,,43.350481,79.081364,5,1,0,,Кемпинги,,кемпинг
,,43.440746,78.407022,5,6,2,,Кемпинги,,кемпинг
